Campaign,Currency,Budget,Language,Networks,Ad group,Max CPC,Keyword,Segmentation,Avg. Monthly Searches (exact match only),Competition,Suggested bid,Impr. share,Organic impr. share,Organic avg. position,In account?,In plan?
Ideas,MXN,,,Google Search,,,,Total - All Devices,256420,,,,,,,
Ideas,,,,,,,,Total - Desktop Only,86780,,,,,,,
Ideas,,,,,,,,Total - Mobile Only,149920,,,,,,,
Ideas,,,,,,,,Total - Tablet Only,19720,,,,,,,
Ideas,MXN,,,,Seed Keywords,,,,,,,,,,,
Ideas,MXN,,,,Seed Keywords,,iphone,,135000,0.18,6.73,,,,N,N
Ideas,MXN,,,,Seed Keywords,,smartphone,,22200,0.46,4.19,,,,N,N
Ideas,MXN,,,,Keyword Ideas,,,,,,,,,,,
Ideas,MXN,,,,Keyword Ideas,,iphone 5,,74000,0.45,1.98,,,,N,N
Ideas,MXN,,,,Keyword Ideas,,iphone 4,,49500,0.16,1.83,,,,N,N
Ideas,MXN,,,,Keyword Ideas,,new iphone,,880,0.24,11.99,,,,N,N
Ideas,MXN,,,,Keyword Ideas,,iphone 3gs,,1900,0.14,23.58,,,,N,N
Ideas,MXN,,,,Keyword Ideas,,apple iphone,,1000,0.3,6.26,,,,N,N
Ideas,MXN,,,,Keyword Ideas,,smartfone,,110,0.09,,,,,N,N
Ideas,MXN,,,,Keyword Ideas,,iphone 3,,8100,0.04,0.86,,,,N,N
Ideas,MXN,,,,Keyword Ideas,,iphone 5 price,,170,0.1,6.97,,,,N,N
Ideas,MXN,,,,Keyword Ideas,,apple iphone 4,,110,0.5,3.21,,,,N,N
Ideas,MXN,,,,Keyword Ideas,,iphone 3g,,2400,0.15,13.87,,,,N,N
Ideas,MXN,,,,Keyword Ideas,,iphone 1,,8100,0.09,56.73,,,,N,N
Ideas,MXN,,,,Keyword Ideas,,celular smartphone,,480,1,4.14,,,,N,N
Ideas,MXN,,,,Keyword Ideas,,iphones for sale,,50,0.64,9.08,,,,N,N
Ideas,MXN,,,,Keyword Ideas,,iphone deals,,10,0.4,34.21,,,,N,N
Ideas,MXN,,,,Keyword Ideas,,iphone apple,,390,0.29,6.11,,,,N,N
Ideas,MXN,,,,Keyword Ideas,,iphone 2,,3600,0.1,51.91,,,,N,N
Ideas,MXN,,,,Keyword Ideas,,smartphone samsung,,1000,0.99,3.15,,,,N,N
Ideas,MXN,,,,Keyword Ideas,,iphone 4 price,,90,0.12,18.35,,,,N,N
Ideas,MXN,,,,Keyword Ideas,,cheap iphones,,30,0.29,,,,,N,N
Ideas,MXN,,,,Keyword Ideas,,comprar smartphone,,50,1,4,,,,N,N
Ideas,MXN,,,,Keyword Ideas,,samsung smartphone,,720,0.91,3.85,,,,N,N
Ideas,MXN,,,,Keyword Ideas,,iphone 4g,,480,0.27,20.56,,,,N,N
Ideas,MXN,,,,Keyword Ideas,,iphone 2g,,1300,0.16,27.94,,,,N,N
Ideas,MXN,,,,Keyword Ideas,,promoá∆o smartphone,,10,,,,,,N,N
Ideas,MXN,,,,Keyword Ideas,,iphone 4 deals,,10,,,,,,N,N
Ideas,MXN,,,,Keyword Ideas,,smartphone barato,,390,1,4.71,,,,N,N
Ideas,MXN,,,,Keyword Ideas,,latest iphone,,30,0.23,3.2,,,,N,N
Ideas,MXN,,,,Keyword Ideas,,iphone 4 for sale,,10,0.26,,,,,N,N
Ideas,MXN,,,,Keyword Ideas,,buy iphone,,30,0.4,13.84,,,,N,N
Ideas,MXN,,,,Keyword Ideas,,iphone 5 apple,,110,0.37,9.36,,,,N,N
Ideas,MXN,,,,Keyword Ideas,,best iphone deals,,10,,,,,,N,N
Ideas,MXN,,,,Keyword Ideas,,verizon iphone,,30,0.18,10.93,,,,N,N
Ideas,MXN,,,,Keyword Ideas,,apple phone,,140,0.21,3.57,,,,N,N
Ideas,MXN,,,,Keyword Ideas,,iphone price,,110,0.29,11.7,,,,N,N
Ideas,MXN,,,,Keyword Ideas,,buy iphone 4,,10,0.5,3.76,,,,N,N
Ideas,MXN,,,,Keyword Ideas,,smartphone em promoá∆o,,10,,,,,,N,N
Ideas,MXN,,,,Keyword Ideas,,apple iphone 3gs,,20,0.27,0.37,,,,N,N
Ideas,MXN,,,,Keyword Ideas,,promoá∆o de smartphone,,10,,,,,,N,N
Ideas,MXN,,,,Keyword Ideas,,iphone 4gs,,30,0.14,64.44,,,,N,N
Ideas,MXN,,,,Keyword Ideas,,smartphone promoá∆o,,10,,,,,,N,N
Ideas,MXN,,,,Keyword Ideas,,iphone contract,,10,0.43,,,,,N,N
Ideas,MXN,,,,Keyword Ideas,,iphone plans,,70,0.31,16.44,,,,N,N
Ideas,MXN,,,,Keyword Ideas,,iphone 5g,,880,0.12,60.67,,,,N,N
Ideas,MXN,,,,Keyword Ideas,,iphone 3gs price,,10,0.27,0.31,,,,N,N
Ideas,MXN,,,,Keyword Ideas,,iphone 16gb,,140,0.52,4.37,,,,N,N
Ideas,MXN,,,,Keyword Ideas,,3gs,,50,0.03,,,,,N,N
Ideas,MXN,,,,Keyword Ideas,,vodafone iphone,,10,0,,,,,N,N
Ideas,MXN,,,,Keyword Ideas,,iphone sales,,30,0.24,25.1,,,,N,N
Ideas,MXN,,,,Keyword Ideas,,cheap iphone 4,,10,1,,,,,N,N
Ideas,MXN,,,,Keyword Ideas,,melhor smartphone,,10,,,,,,N,N
Ideas,MXN,,,,Keyword Ideas,,iphone mini,,320,0.26,29.84,,,,N,N
Ideas,MXN,,,,Keyword Ideas,,iphone verizon,,40,0.15,,,,,N,N
Ideas,MXN,,,,Keyword Ideas,,new apple iphone,,10,,,,,,N,N
Ideas,MXN,,,,Keyword Ideas,,iphone 4 review,,30,0,,,,,N,N
Ideas,MXN,,,,Keyword Ideas,,iphone 8gb,,110,0.21,53.05,,,,N,N
Ideas,MXN,,,,Keyword Ideas,,ofertas de smartphones,,50,1,4.51,,,,N,N
Ideas,MXN,,,,Keyword Ideas,,smartphone preáo,,10,,,,,,N,N
Ideas,MXN,,,,Keyword Ideas,,iphone cost,,20,0.17,13.59,,,,N,N
Ideas,MXN,,,,Keyword Ideas,,unlock iphone,,720,0.41,7.28,,,,N,N
Ideas,MXN,,,,Keyword Ideas,,iphone 3gs 16gb,,20,0.18,,,,,N,N
Ideas,MXN,,,,Keyword Ideas,,iphone shop,,70,0.43,10.11,,,,N,N
Ideas,MXN,,,,Keyword Ideas,,iphone 32gb,,90,0.68,13.59,,,,N,N
Ideas,MXN,,,,Keyword Ideas,,preáo de smartphone,,10,,,,,,N,N
Ideas,MXN,,,,Keyword Ideas,,the new iphone,,20,0.21,,,,,N,N
Ideas,MXN,,,,Keyword Ideas,,ofertas celulares,,720,1,4.71,,,,N,N
Ideas,MXN,,,,Keyword Ideas,,smartphone 3g,,10,1,18.09,,,,N,N
Ideas,MXN,,,,Keyword Ideas,,preáo smartphone,,10,,,,,,N,N
Ideas,MXN,,,,Keyword Ideas,,celulares em oferta,,10,,,,,,N,N
Ideas,MXN,,,,Keyword Ideas,,4g iphone,,10,0.28,,,,,N,N
Ideas,MXN,,,,Keyword Ideas,,smartphone 5,,90,0.8,2.41,,,,N,N
Ideas,MXN,,,,Keyword Ideas,,3gs iphone,,10,0.22,,,,,N,N
Ideas,MXN,,,,Keyword Ideas,,iphone buy,,10,0.31,3.38,,,,N,N
Ideas,MXN,,,,Keyword Ideas,,qual smartphone comprar,,10,,,,,,N,N
Ideas,MXN,,,,Keyword Ideas,,iphone 4 buy,,10,0.14,,,,,N,N
Ideas,MXN,,,,Keyword Ideas,,modelos de celulares,,1300,0.75,5.97,,,,N,N
Ideas,MXN,,,,Keyword Ideas,,3g iphone,,10,0.16,,,,,N,N
Ideas,MXN,,,,Keyword Ideas,,top smartphones,,90,0.01,4.86,,,,N,N
Ideas,MXN,,,,Keyword Ideas,,iphone 4 cost,,10,0.08,,,,,N,N
Ideas,MXN,,,,Keyword Ideas,,apple iphone price,,10,0.1,,,,,N,N
Ideas,MXN,,,,Keyword Ideas,,orange iphone,,10,,,,,,N,N
Ideas,MXN,,,,Keyword Ideas,,comparar smartphones,,210,0.09,16.03,,,,N,N
Ideas,MXN,,,,Keyword Ideas,,apple iphone 3g,,10,0.1,,,,,N,N
Ideas,MXN,,,,Keyword Ideas,,new iphone 4,,10,,,,,,N,N
Ideas,MXN,,,,Keyword Ideas,,iphone five,,20,0.21,,,,,N,N
Ideas,MXN,,,,Keyword Ideas,,iphone 3gs for sale,,10,0.86,,,,,N,N
Ideas,MXN,,,,Keyword Ideas,,smartphone menor preáo,,,,,,,,N,N
Ideas,MXN,,,,Keyword Ideas,,smartphone em oferta,,0,,,,,,N,N
Ideas,MXN,,,,Keyword Ideas,,o que Ç smartphone,,0,,,,,,N,N
Ideas,MXN,,,,Keyword Ideas,,smartphone oferta,,30,1,7.48,,,,N,N
Ideas,MXN,,,,Keyword Ideas,,smartphone comprar,,10,1,5.49,,,,N,N
Ideas,MXN,,,,Keyword Ideas,,iphone vodafone,,10,0,,,,,N,N
Ideas,MXN,,,,Keyword Ideas,,iphone reviews,,10,0.07,,,,,N,N
Ideas,MXN,,,,Keyword Ideas,,iphone 4 white,,20,0.02,,,,,N,N
Ideas,MXN,,,,Keyword Ideas,,promoá‰es smartphones,,10,,,,,,N,N
Ideas,MXN,,,,Keyword Ideas,,buy iphone 3gs,,10,,,,,,N,N
Ideas,MXN,,,,Keyword Ideas,,celulares e smartphones,,10,,,,,,N,N
Ideas,MXN,,,,Keyword Ideas,,iphone 3g 8gb,,10,0.14,0.36,,,,N,N
Ideas,MXN,,,,Keyword Ideas,,celular oferta,,210,1,4.87,,,,N,N
Ideas,MXN,,,,Keyword Ideas,,iphone mobile,,10,0.09,,,,,N,N
Ideas,MXN,,,,Keyword Ideas,,mobile iphone,,10,0.1,,,,,N,N
Ideas,MXN,,,,Keyword Ideas,,buy iphone online,,10,,,,,,N,N
Ideas,MXN,,,,Keyword Ideas,,iphone 4 verizon,,40,0.06,,,,,N,N
Ideas,MXN,,,,Keyword Ideas,,smartphone na promoá∆o,,,,,,,,N,N
Ideas,MXN,,,,Keyword Ideas,,iphone 3g 16gb,,10,0.14,0.12,,,,N,N
Ideas,MXN,,,,Keyword Ideas,,celular smartphone barato,,50,1,6.08,,,,N,N
Ideas,MXN,,,,Keyword Ideas,,iphone online,,30,0.52,23.27,,,,N,N
Ideas,MXN,,,,Keyword Ideas,,mini iphone,,110,0.27,27.58,,,,N,N
Ideas,MXN,,,,Keyword Ideas,,iphone discount,,10,,,,,,N,N
Ideas,MXN,,,,Keyword Ideas,,oferta smartphone,,70,1,5.29,,,,N,N
Ideas,MXN,,,,Keyword Ideas,,celular smartphone samsung,,20,1,1.49,,,,N,N
Ideas,MXN,,,,Keyword Ideas,,preáo do smartphone,,,,,,,,N,N
Ideas,MXN,,,,Keyword Ideas,,smartphone compare,,40,0.04,,,,,N,N
Ideas,MXN,,,,Keyword Ideas,,iphone 4 8gb price,,10,,,,,,N,N
Ideas,MXN,,,,Keyword Ideas,,smartfone barato,,10,,,,,,N,N
Ideas,MXN,,,,Keyword Ideas,,the iphone,,20,0.1,,,,,N,N
Ideas,MXN,,,,Keyword Ideas,,price of iphone,,10,0.29,19.19,,,,N,N
Ideas,MXN,,,,Keyword Ideas,,apple iphone 3g 8gb,,10,,,,,,N,N
Ideas,MXN,,,,Keyword Ideas,,verizon iphone 4,,10,0.1,,,,,N,N
Ideas,MXN,,,,Keyword Ideas,,smartphone melhor preáo,,,,,,,,N,N
Ideas,MXN,,,,Keyword Ideas,,smartfones baratos,,10,1,,,,,N,N
Ideas,MXN,,,,Keyword Ideas,,celular smart,,30,0.76,0.39,,,,N,N
Ideas,MXN,,,,Keyword Ideas,,iphone 4 16gb price,,10,0.11,0.12,,,,N,N
Ideas,MXN,,,,Keyword Ideas,,comprar celular smartphone,,10,,,,,,N,N
Ideas,MXN,,,,Keyword Ideas,,buy apple iphone,,10,0.14,,,,,N,N
Ideas,MXN,,,,Keyword Ideas,,mobile smartphone,,10,0.83,3.8,,,,N,N
Ideas,MXN,,,,Keyword Ideas,,iphone 4 sale,,10,0.14,,,,,N,N
Ideas,MXN,,,,Keyword Ideas,,apple iphone 4g,,10,,,,,,N,N
Ideas,MXN,,,,Keyword Ideas,,iphone 4 features,,10,0,,,,,N,N
Ideas,MXN,,,,Keyword Ideas,,menor preáo smartphone,,,,,,,,N,N
Ideas,MXN,,,,Keyword Ideas,,iphone 4 32,,20,0.18,1.62,,,,N,N
Ideas,MXN,,,,Keyword Ideas,,o que Ç um smartphone,,10,,,,,,N,N
Ideas,MXN,,,,Keyword Ideas,,smartfone sansung,,0,,,,,,N,N
Ideas,MXN,,,,Keyword Ideas,,iphone 8g,,10,0.1,,,,,N,N
Ideas,MXN,,,,Keyword Ideas,,onde comprar smartphone,,10,,,,,,N,N
Ideas,MXN,,,,Keyword Ideas,,celular smartphone em promoá∆o,,0,,,,,,N,N
Ideas,MXN,,,,Keyword Ideas,,iphone bluetooth,,90,0.16,4.53,,,,N,N
Ideas,MXN,,,,Keyword Ideas,,melhor preáo smartphone,,,,,,,,N,N
Ideas,MXN,,,,Keyword Ideas,,melhor preáo de smartphone,,,,,,,,N,N
Ideas,MXN,,,,Keyword Ideas,,iphone 3gs 32gb,,30,0.24,1.76,,,,N,N
Ideas,MXN,,,,Keyword Ideas,,celular samsung smartphone,,10,0.65,2.16,,,,N,N
Ideas,MXN,,,,Keyword Ideas,,lojas de smartphones,,,,,,,,N,N
Ideas,MXN,,,,Keyword Ideas,,iphone 3 price,,10,0.07,0.47,,,,N,N
Ideas,MXN,,,,Keyword Ideas,,promoá∆o smartphone samsung,,0,,,,,,N,N
Ideas,MXN,,,,Keyword Ideas,,white iphone 4,,10,0,,,,,N,N
Ideas,MXN,,,,Keyword Ideas,,purchase iphone,,10,,,,,,N,N
Ideas,MXN,,,,Keyword Ideas,,iphone phone,,10,0.07,,,,,N,N
Ideas,MXN,,,,Keyword Ideas,,order iphone,,10,,,,,,N,N
Ideas,MXN,,,,Keyword Ideas,,apple cell phone,,10,0.67,,,,,N,N
Ideas,MXN,,,,Keyword Ideas,,smartphone windows,,30,0.81,1.31,,,,N,N
Ideas,MXN,,,,Keyword Ideas,,iphone 4g price,,10,0.29,,,,,N,N
Ideas,MXN,,,,Keyword Ideas,,celulares smartfones,,10,,,,,,N,N
Ideas,MXN,,,,Keyword Ideas,,apple iphone 5g,,10,0.29,,,,,N,N
Ideas,MXN,,,,Keyword Ideas,,the iphone 5,,10,0.04,,,,,N,N
Ideas,MXN,,,,Keyword Ideas,,celular menor preáo,,10,,,,,,N,N
Ideas,MXN,,,,Keyword Ideas,,menor preáo de smartphone,,,,,,,,N,N
Ideas,MXN,,,,Keyword Ideas,,latest iphone model,,10,,,,,,N,N
Ideas,MXN,,,,Keyword Ideas,,comprar smartphone samsung,,10,1,,,,,N,N
Ideas,MXN,,,,Keyword Ideas,,iphone orange,,10,0.29,,,,,N,N
Ideas,MXN,,,,Keyword Ideas,,iphone g4,,10,0.17,,,,,N,N
Ideas,MXN,,,,Keyword Ideas,,price of iphone 4,,10,0,,,,,N,N
Ideas,MXN,,,,Keyword Ideas,,apple iphone 3g 16gb,,10,,,,,,N,N
Ideas,MXN,,,,Keyword Ideas,,smartphone da samsung,,10,,,,,,N,N
Ideas,MXN,,,,Keyword Ideas,,telefone smartphone,,10,,,,,,N,N
Ideas,MXN,,,,Keyword Ideas,,iphone pro,,590,0.16,14.71,,,,N,N
Ideas,MXN,,,,Keyword Ideas,,iphone 3g price,,10,0.16,7.57,,,,N,N
Ideas,MXN,,,,Keyword Ideas,,smartphone celular,,20,0.98,3.63,,,,N,N
Ideas,MXN,,,,Keyword Ideas,,aparelhos smartphone,,10,,,,,,N,N
Ideas,MXN,,,,Keyword Ideas,,smartfone 5s,,0,,,,,,N,N
Ideas,MXN,,,,Keyword Ideas,,iphone 3gs white,,10,0.11,,,,,N,N
Ideas,MXN,,,,Keyword Ideas,,smartfones samsung,,10,1,,,,,N,N
Ideas,MXN,,,,Keyword Ideas,,smartphone samsung barato,,10,1,1.3,,,,N,N
Ideas,MXN,,,,Keyword Ideas,,apple iphone 16gb,,10,,,,,,N,N
Ideas,MXN,,,,Keyword Ideas,,promoá∆o celular smartphone,,,,,,,,N,N
Ideas,MXN,,,,Keyword Ideas,,ios,,33100,0.01,10.12,,,,N,N
Ideas,MXN,,,,Keyword Ideas,,smartphone gps,,10,0.43,,,,,N,N
Ideas,MXN,,,,Keyword Ideas,,smartphone 5s preáo,,0,,,,,,N,N
Ideas,MXN,,,,Keyword Ideas,,modelos de smartphone,,70,0.95,5.65,,,,N,N
Ideas,MXN,,,,Keyword Ideas,,preáo dos smartphones,,0,,,,,,N,N
Ideas,MXN,,,,Keyword Ideas,,apple iphone 2g,,10,0.21,,,,,N,N
Ideas,MXN,,,,Keyword Ideas,,smartfones em promoá∆o,,,,,,,,N,N
Ideas,MXN,,,,Keyword Ideas,,ver smartphone,,10,,,,,,N,N
Ideas,MXN,,,,Keyword Ideas,,iphone gps,,40,0.21,,,,,N,N
Ideas,MXN,,,,Keyword Ideas,,celular smartphone 2 chips,,0,,,,,,N,N
Ideas,MXN,,,,Keyword Ideas,,preáo de um smartphone,,,,,,,,N,N
Ideas,MXN,,,,Keyword Ideas,,smartphone samsung preáo,,10,,,,,,N,N
Ideas,MXN,,,,Keyword Ideas,,smartfone preáo,,,,,,,,N,N
Ideas,MXN,,,,Keyword Ideas,,comprar smartphone em promoá∆o,,,,,,,,N,N
Ideas,MXN,,,,Keyword Ideas,,comprar um smartphone,,,,,,,,N,N
Ideas,MXN,,,,Keyword Ideas,,promoá∆o de celular smartphone,,0,,,,,,N,N
Ideas,MXN,,,,Keyword Ideas,,smartphone grande,,10,0.11,,,,,N,N
Ideas,MXN,,,,Keyword Ideas,,smartphone mobile,,20,0.66,2.17,,,,N,N
Ideas,MXN,,,,Keyword Ideas,,iphone site,,10,0.14,0.3,,,,N,N
Ideas,MXN,,,,Keyword Ideas,,smartphone samsung em promoá∆o,,,,,,,,N,N
Ideas,MXN,,,,Keyword Ideas,,venda de smartphones,,10,,,,,,N,N
Ideas,MXN,,,,Keyword Ideas,,celulares e smartphones em promoá∆o,,,,,,,,N,N
Ideas,MXN,,,,Keyword Ideas,,smartphone modelos,,10,0.64,1.83,,,,N,N
Ideas,MXN,,,,Keyword Ideas,,celular smartphone promoá∆o,,,,,,,,N,N
Ideas,MXN,,,,Keyword Ideas,,buy cheap iphone,,10,0.5,1.9,,,,N,N
Ideas,MXN,,,,Keyword Ideas,,smartphone a venda,,0,,,,,,N,N
Ideas,MXN,,,,Keyword Ideas,,buy iphone 3g,,10,,,,,,N,N
Ideas,MXN,,,,Keyword Ideas,,preáo de celular smartphone,,,,,,,,N,N
Ideas,MXN,,,,Keyword Ideas,,iphone 4g 32gb,,20,0.68,0.12,,,,N,N
Ideas,MXN,,,,Keyword Ideas,,smartfone 5,,10,,,,,,N,N
Ideas,MXN,,,,Keyword Ideas,,promoá∆o de smartphone samsung,,,,,,,,N,N
Ideas,MXN,,,,Keyword Ideas,,iphone clone,,110,0.3,26.93,,,,N,N
Ideas,MXN,,,,Keyword Ideas,,8gb iphone,,10,,,,,,N,N
Ideas,MXN,,,,Keyword Ideas,,modelos celulares,,590,0.1,11.34,,,,N,N
Ideas,MXN,,,,Keyword Ideas,,apple iphone 8gb,,10,0.14,,,,,N,N
Ideas,MXN,,,,Keyword Ideas,,loja smartphone,,,,,,,,N,N
Ideas,MXN,,,,Keyword Ideas,,how much is iphone 4,,10,0.07,,,,,N,N
Ideas,MXN,,,,Keyword Ideas,,oferta de celulares smartphone,,10,,,,,,N,N
Ideas,MXN,,,,Keyword Ideas,,valor do smartphone,,,,,,,,N,N
Ideas,MXN,,,,Keyword Ideas,,menor preáo celular,,0,,,,,,N,N
Ideas,MXN,,,,Keyword Ideas,,used iphone 3gs,,0,,,,,,N,N
Ideas,MXN,,,,Keyword Ideas,,smartphone samsung promoá∆o,,,,,,,,N,N
Ideas,MXN,,,,Keyword Ideas,,valor smartphone,,10,,,,,,N,N
Ideas,MXN,,,,Keyword Ideas,,iphone 16,,30,0.24,,,,,N,N
Ideas,MXN,,,,Keyword Ideas,,promoá∆o de smartphone dual chip,,,,,,,,N,N
Ideas,MXN,,,,Keyword Ideas,,iphone 4gb,,10,0.2,,,,,N,N
Ideas,MXN,,,,Keyword Ideas,,iphone 3gs unlocked,,10,,,,,,N,N
Ideas,MXN,,,,Keyword Ideas,,smartphones desbloqueados,,40,0.99,1.26,,,,N,N
Ideas,MXN,,,,Keyword Ideas,,smartphone para comprar,,10,1,,,,,N,N
Ideas,MXN,,,,Keyword Ideas,,o que e smartphone,,10,,,,,,N,N
Ideas,MXN,,,,Keyword Ideas,,preáo de smartphone samsung,,10,,,,,,N,N
Ideas,MXN,,,,Keyword Ideas,,carrefour smartphone,,10,,,,,,N,N
Ideas,MXN,,,,Keyword Ideas,,iphone 1 2 3 4 5,,140,0.01,,,,,N,N
Ideas,MXN,,,,Keyword Ideas,,iphone t,,40,0.15,,,,,N,N
Ideas,MXN,,,,Keyword Ideas,,iphone official website,,10,,,,,,N,N
Ideas,MXN,,,,Keyword Ideas,,modelos de smartfones,,10,,,,,,N,N
Ideas,MXN,,,,Keyword Ideas,,valor de smartphone,,10,,,,,,N,N
Ideas,MXN,,,,Keyword Ideas,,preáo celular smartphone,,,,,,,,N,N
Ideas,MXN,,,,Keyword Ideas,,gps smartphone,,10,0.06,,,,,N,N
Ideas,MXN,,,,Keyword Ideas,,preáo do smartphone samsung,,,,,,,,N,N
Ideas,MXN,,,,Keyword Ideas,,lanáamento smartphone,,10,0,,,,,N,N
Ideas,MXN,,,,Keyword Ideas,,promoá∆o de smartfones,,0,,,,,,N,N
Ideas,MXN,,,,Keyword Ideas,,o que smartphone,,10,,,,,,N,N
Ideas,MXN,,,,Keyword Ideas,,melhores ofertas de smartphones,,,,,,,,N,N
Ideas,MXN,,,,Keyword Ideas,,iphonen,,10,0.19,,,,,N,N
Ideas,MXN,,,,Keyword Ideas,,celular smartfone samsung,,10,,,,,,N,N
Ideas,MXN,,,,Keyword Ideas,,a iphone,,10,0.12,,,,,N,N
Ideas,MXN,,,,Keyword Ideas,,oferta de smartphone samsung,,10,,,,,,N,N
Ideas,MXN,,,,Keyword Ideas,,o que Ç um celular smartphone,,,,,,,,N,N
Ideas,MXN,,,,Keyword Ideas,,smartphone s 5,,10,,,,,,N,N
Ideas,MXN,,,,Keyword Ideas,,celular smartphone 5,,10,1,1.46,,,,N,N
Ideas,MXN,,,,Keyword Ideas,,the iphone 4,,10,,,,,,N,N
Ideas,MXN,,,,Keyword Ideas,,preáo do celular smartphone,,,,,,,,N,N
Ideas,MXN,,,,Keyword Ideas,,smartphone em promoá∆o hoje,,,,,,,,N,N
Ideas,MXN,,,,Keyword Ideas,,smartphone qual comprar,,0,,,,,,N,N
Ideas,MXN,,,,Keyword Ideas,,celular smartphone menor preáo,,,,,,,,N,N
Ideas,MXN,,,,Keyword Ideas,,apple iphone cell,,10,,,,,,N,N
Ideas,MXN,,,,Keyword Ideas,,telefone celular smartphone,,10,,,,,,N,N
Ideas,MXN,,,,Keyword Ideas,,smartphone samsung mais barato,,10,,,,,,N,N
Ideas,MXN,,,,Keyword Ideas,,promoá∆o smartfones,,0,,,,,,N,N
Ideas,MXN,,,,Keyword Ideas,,compra de smartphones,,10,0.88,8.83,,,,N,N
Ideas,MXN,,,,Keyword Ideas,,melhores preáos de celulares smartphone,,,,,,,,N,N
Ideas,MXN,,,,Keyword Ideas,,smartphone em promoá∆o dual chip,,,,,,,,N,N
Ideas,MXN,,,,Keyword Ideas,,smartphone valor,,10,,,,,,N,N
Ideas,MXN,,,,Keyword Ideas,,oferta smartphone samsung,,10,,,,,,N,N
Ideas,MXN,,,,Keyword Ideas,,celulares em promoá∆o smartphone,,,,,,,,N,N
Ideas,MXN,,,,Keyword Ideas,,smartphone lanáamento,,,,,,,,N,N
Ideas,MXN,,,,Keyword Ideas,,preáos de smartfones,,0,,,,,,N,N
Ideas,MXN,,,,Keyword Ideas,,celulares modelos,,70,0.71,3.98,,,,N,N
Ideas,MXN,,,,Keyword Ideas,,ofertas de smartfones,,10,1,4.55,,,,N,N
Ideas,MXN,,,,Keyword Ideas,,promoá∆o smartphone dual chip,,,,,,,,N,N
Ideas,MXN,,,,Keyword Ideas,,smartphone onde comprar,,,,,,,,N,N
Ideas,MXN,,,,Keyword Ideas,,como comprar smartphone,,10,0,,,,,N,N
Ideas,MXN,,,,Keyword Ideas,,smartphone dual core,,10,1,7.48,,,,N,N
Ideas,MXN,,,,Keyword Ideas,,ver celular smartphone,,10,1,0.79,,,,N,N
Ideas,MXN,,,,Keyword Ideas,,smartfone 4,,0,,,,,,N,N
Ideas,MXN,,,,Keyword Ideas,,celular smartphone preáo,,,,,,,,N,N
Ideas,MXN,,,,Keyword Ideas,,smartphone samsung menor preáo,,,,,,,,N,N
Ideas,MXN,,,,Keyword Ideas,,cell phone iphone,,10,0.14,,,,,N,N
Ideas,MXN,,,,Keyword Ideas,,smartfone comprar,,,,,,,,N,N
Ideas,MXN,,,,Keyword Ideas,,o que Ç celular smartphone,,,,,,,,N,N
Ideas,MXN,,,,Keyword Ideas,,melhor site para comprar smartphone,,,,,,,,N,N
Ideas,MXN,,,,Keyword Ideas,,celular smartphone em oferta,,0,,,,,,N,N
Ideas,MXN,,,,Keyword Ideas,,venda smartphone,,10,,,,,,N,N
Ideas,MXN,,,,Keyword Ideas,,lojas que vendem smartphone,,,,,,,,N,N
Ideas,MXN,,,,Keyword Ideas,,iphone d,,20,0.1,21.82,,,,N,N
Ideas,MXN,,,,Keyword Ideas,,smartphone dual chip menor preáo,,,,,,,,N,N
Ideas,MXN,,,,Keyword Ideas,,smartfones preáos,,,,,,,,N,N
Ideas,MXN,,,,Keyword Ideas,,smartphone r,,10,0,,,,,N,N
Ideas,MXN,,,,Keyword Ideas,,qual o preáo do smartphone,,,,,,,,N,N
Ideas,MXN,,,,Keyword Ideas,,iphone cell phone,,10,0.25,,,,,N,N
Ideas,MXN,,,,Keyword Ideas,,smartphone venda,,0,,,,,,N,N
Ideas,MXN,,,,Keyword Ideas,,apple iphone latest model,,10,,,,,,N,N
Ideas,MXN,,,,Keyword Ideas,,celular barato smartphone,,10,1,13.77,,,,N,N
Ideas,MXN,,,,Keyword Ideas,,aparelho celular smartphone,,,,,,,,N,N
Ideas,MXN,,,,Keyword Ideas,,qual smartfone comprar,,,,,,,,N,N
Ideas,MXN,,,,Keyword Ideas,,smartphone loja,,,,,,,,N,N
Ideas,MXN,,,,Keyword Ideas,,comparar smartphones samsung,,10,0.32,,,,,N,N
Ideas,MXN,,,,Keyword Ideas,,comprar celular smartphone barato,,10,,,,,,N,N
Ideas,MXN,,,,Keyword Ideas,,melhor preáo smartphone samsung,,,,,,,,N,N
Ideas,MXN,,,,Keyword Ideas,,smartphone com menor preáo,,,,,,,,N,N
Ideas,MXN,,,,Keyword Ideas,,os melhores preáos de smartphone,,,,,,,,N,N
Ideas,MXN,,,,Keyword Ideas,,apple iphone 5,,210,0.79,2.38,,,,N,N
Ideas,MXN,,,,Keyword Ideas,,smartphones desbloqueados em promoá∆o,,,,,,,,N,N
Ideas,MXN,,,,Keyword Ideas,,smartfones em oferta,,,,,,,,N,N
Ideas,MXN,,,,Keyword Ideas,,carrefour smartphone samsung,,,,,,,,N,N
Ideas,MXN,,,,Keyword Ideas,,lojas de celulares smartphone,,,,,,,,N,N
Ideas,MXN,,,,Keyword Ideas,,menor preáo de celular,,0,,,,,,N,N
Ideas,MXN,,,,Keyword Ideas,,ver preáo de smartphone,,,,,,,,N,N
Ideas,MXN,,,,Keyword Ideas,,smartphone grande e barato,,10,1,1.4,,,,N,N
Ideas,MXN,,,,Keyword Ideas,,modelos smartphone,,10,0.57,10.18,,,,N,N
Ideas,MXN,,,,Keyword Ideas,,smartfone oferta,,,,,,,,N,N
Ideas,MXN,,,,Keyword Ideas,,ofertas de smartphones dual chip,,0,,,,,,N,N
Ideas,MXN,,,,Keyword Ideas,,smartphone kaufen,,10,0.14,,,,,N,N
Ideas,MXN,,,,Keyword Ideas,,celular s,,70,0.42,5.33,,,,N,N
Ideas,MXN,,,,Keyword Ideas,,comprar smartfones,,0,,,,,,N,N
Ideas,MXN,,,,Keyword Ideas,,apple newest iphone,,10,,,,,,N,N
Ideas,MXN,,,,Keyword Ideas,,smartphone 4,,50,0.91,3.28,,,,N,N
Ideas,MXN,,,,Keyword Ideas,,novidades smartphones,,,,,,,,N,N
Ideas,MXN,,,,Keyword Ideas,,promoá∆o do smartphone,,,,,,,,N,N
Ideas,MXN,,,,Keyword Ideas,,smartphone e celular,,,,,,,,N,N
Ideas,MXN,,,,Keyword Ideas,,smartphone windows mobile,,10,,,,,,N,N
Ideas,MXN,,,,Keyword Ideas,,promoá∆o em smartphone,,,,,,,,N,N
Ideas,MXN,,,,Keyword Ideas,,promoá∆o extra smartphone,,,,,,,,N,N
Ideas,MXN,,,,Keyword Ideas,,iphone ohne vertrag,,10,,,,,,N,N
Ideas,MXN,,,,Keyword Ideas,,iphone kaufen,,10,0,,,,,N,N
Ideas,MXN,,,,Keyword Ideas,,apple iphone reviews,,10,,,,,,N,N
Ideas,MXN,,,,Keyword Ideas,,super promoá∆o smartphone,,,,,,,,N,N
Ideas,MXN,,,,Keyword Ideas,,pesquisar preáo de smartphone,,,,,,,,N,N
Ideas,MXN,,,,Keyword Ideas,,iphone all,,10,0.04,,,,,N,N
Ideas,MXN,,,,Keyword Ideas,,comprar iphone,,260,0.97,13.01,,,,N,N
Ideas,MXN,,,,Keyword Ideas,,smartphone mais em conta,,,,,,,,N,N
Ideas,MXN,,,,Keyword Ideas,,iphone official site,,10,0.1,4.9,,,,N,N
Ideas,MXN,,,,Keyword Ideas,,cheap smartphones,,70,0.64,2.75,,,,N,N
Ideas,MXN,,,,Keyword Ideas,,celular smartphone desbloqueado,,10,,,,,,N,N
Ideas,MXN,,,,Keyword Ideas,,ofertas smartfones,,10,,,,,,N,N
Ideas,MXN,,,,Keyword Ideas,,o que Ç smartphone no celular,,,,,,,,N,N
Ideas,MXN,,,,Keyword Ideas,,apple smartphone,,10,0.84,,,,,N,N
Ideas,MXN,,,,Keyword Ideas,,smart phones,,110,0.15,5.59,,,,N,N
Ideas,MXN,,,,Keyword Ideas,,smartfones promoá∆o,,,,,,,,N,N
Ideas,MXN,,,,Keyword Ideas,,information on iphones,,10,,,,,,N,N
Ideas,MXN,,,,Keyword Ideas,,latest model of iphone,,10,,,,,,N,N
Ideas,MXN,,,,Keyword Ideas,,buy an iphone,,10,0.14,,,,,N,N
Ideas,MXN,,,,Keyword Ideas,,apple iphone five,,10,,,,,,N,N
Ideas,MXN,,,,Keyword Ideas,,valor de um smartphone,,,,,,,,N,N
Ideas,MXN,,,,Keyword Ideas,,unlocked smartphones,,10,0.53,3.29,,,,N,N
Ideas,MXN,,,,Keyword Ideas,,smartphone deals,,10,0.46,,,,,N,N
Ideas,MXN,,,,Keyword Ideas,,smartphone apple,,90,0.58,2.48,,,,N,N
Ideas,MXN,,,,Keyword Ideas,,smartphone motorola,,320,0.99,2,,,,N,N
Ideas,MXN,,,,Keyword Ideas,,smartphones for sale,,10,0.43,,,,,N,N
Ideas,MXN,,,,Keyword Ideas,,celular smartfone barato,,10,,,,,,N,N
Ideas,MXN,,,,Keyword Ideas,,smartphone sony ericsson,,10,0.17,0.15,,,,N,N
Ideas,MXN,,,,Keyword Ideas,,smartphone price,,10,0.56,,,,,N,N
Ideas,MXN,,,,Keyword Ideas,,qual o preáo de um smartphone,,,,,,,,N,N
Ideas,MXN,,,,Keyword Ideas,,unlocked smartphone,,20,0.36,5.4,,,,N,N
Ideas,MXN,,,,Keyword Ideas,,promoá∆o smartphone tim,,,,,,,,N,N
Ideas,MXN,,,,Keyword Ideas,,smartphone lg,,1000,0.99,1.97,,,,N,N
Ideas,MXN,,,,Keyword Ideas,,celular com smartphone,,,,,,,,N,N
Ideas,MXN,,,,Keyword Ideas,,iphone barato,,480,1,3.5,,,,N,N
Ideas,MXN,,,,Keyword Ideas,,o que e um smartphone,,,,,,,,N,N
Ideas,MXN,,,,Keyword Ideas,,iphone 5 i,,10,0,,,,,N,N
Ideas,MXN,,,,Keyword Ideas,,mac iphone,,90,0.17,12.21,,,,N,N
Ideas,MXN,,,,Keyword Ideas,,celular smartphone com 2 chips,,,,,,,,N,N
Ideas,MXN,,,,Keyword Ideas,,smartphone dual sim,,90,1,3.26,,,,N,N
Ideas,MXN,,,,Keyword Ideas,,iphone 5 iphone,,10,0.21,,,,,N,N
Ideas,MXN,,,,Keyword Ideas,,cheap smart phones,,10,0.34,,,,,N,N
Ideas,MXN,,,,Keyword Ideas,,celulares e smartfones,,,,,,,,N,N
Ideas,MXN,,,,Keyword Ideas,,super oferta smartphone,,,,,,,,N,N
Ideas,MXN,,,,Keyword Ideas,,compra de smartphones baratos,,10,,,,,,N,N
Ideas,MXN,,,,Keyword Ideas,,smartphone comparar,,10,0,,,,,N,N
Ideas,MXN,,,,Keyword Ideas,,used iphones,,20,0.3,2.68,,,,N,N
Ideas,MXN,,,,Keyword Ideas,,quanto custa um smartphone,,0,,,,,,N,N
Ideas,MXN,,,,Keyword Ideas,,smartphone samsung em oferta,,,,,,,,N,N
Ideas,MXN,,,,Keyword Ideas,,refurbished iphone,,170,0.46,12.26,,,,N,N
Ideas,MXN,,,,Keyword Ideas,,i phone,,1900,0.21,8.23,,,,N,N
Ideas,MXN,,,,Keyword Ideas,,todos os smartphones da samsung,,,,,,,,N,N
Ideas,MXN,,,,Keyword Ideas,,o que significa smartphone,,10,,,,,,N,N
Ideas,MXN,,,,Keyword Ideas,,buy smartphone,,10,0.96,4.27,,,,N,N
Ideas,MXN,,,,Keyword Ideas,,smart mobile phones,,10,0.14,,,,,N,N
Ideas,MXN,,,,Keyword Ideas,,cell phone apple,,10,0.57,,,,,N,N
Ideas,MXN,,,,Keyword Ideas,,celular 2 chips smartphone,,10,,,,,,N,N
Ideas,MXN,,,,Keyword Ideas,,web iphone,,10,0.11,,,,,N,N
Ideas,MXN,,,,Keyword Ideas,,newest smartphones,,10,0.25,,,,,N,N
Ideas,MXN,,,,Keyword Ideas,,smartphone 5 preáo,,,,,,,,N,N
Ideas,MXN,,,,Keyword Ideas,,celular smartphone 5s,,10,,,,,,N,N
Ideas,MXN,,,,Keyword Ideas,,htc smartphone,,170,1,2.09,,,,N,N
Ideas,MXN,,,,Keyword Ideas,,apple mobile phone deals,,,,,,,,N,N
Ideas,MXN,,,,Keyword Ideas,,the apple iphone,,10,0,,,,,N,N
Ideas,MXN,,,,Keyword Ideas,,onde comprar um smartphone,,,,,,,,N,N
Ideas,MXN,,,,Keyword Ideas,,mini smartphone,,30,1,2.88,,,,N,N
Ideas,MXN,,,,Keyword Ideas,,buy unlocked iphone,,10,0.14,,,,,N,N
Ideas,MXN,,,,Keyword Ideas,,o que e um celular smartphone,,,,,,,,N,N
Ideas,MXN,,,,Keyword Ideas,,www iphone 5s,,10,0.29,,,,,N,N
Ideas,MXN,,,,Keyword Ideas,,iphone desbloqueado,,90,0.44,13.14,,,,N,N
Ideas,MXN,,,,Keyword Ideas,,offerte smartphone,,10,,,,,,N,N
Ideas,MXN,,,,Keyword Ideas,,lg smartphone,,1000,0.98,1.73,,,,N,N
Ideas,MXN,,,,Keyword Ideas,,iphone 4 info,,10,0,,,,,N,N
Ideas,MXN,,,,Keyword Ideas,,smartphone preáo baixo,,,,,,,,N,N
Ideas,MXN,,,,Keyword Ideas,,iphonez,,10,0,,,,,N,N
Ideas,MXN,,,,Keyword Ideas,,smartphones precos,,,,,,,,N,N
Ideas,MXN,,,,Keyword Ideas,,iphone unlock,,390,0.39,11.95,,,,N,N
Ideas,MXN,,,,Keyword Ideas,,microsoft smartphone,,110,0.6,1.57,,,,N,N
Ideas,MXN,,,,Keyword Ideas,,ipad,,40500,0.48,2.73,,,,N,N
Ideas,MXN,,,,Keyword Ideas,,iphone from apple,,10,,,,,,N,N
Ideas,MXN,,,,Keyword Ideas,,______ _____,,10,,,,,,N,N
Ideas,MXN,,,,Keyword Ideas,,menor smartphone,,10,,,,,,N,N
Ideas,MXN,,,,Keyword Ideas,,windows smartphone,,20,0.42,0.63,,,,N,N
Ideas,MXN,,,,Keyword Ideas,,______ iphone,,10,,,,,,N,N
Ideas,MXN,,,,Keyword Ideas,,motorola smartphone,,260,0.97,6.85,,,,N,N
Ideas,MXN,,,,Keyword Ideas,,o que Ç smartfone no celular,,,,,,,,N,N
Ideas,MXN,,,,Keyword Ideas,,iphone accessories,,50,0.23,25.14,,,,N,N
Ideas,MXN,,,,Keyword Ideas,,smartphone dual chip em promoá∆o,,,,,,,,N,N
Ideas,MXN,,,,Keyword Ideas,,celular smartphone mais barato,,10,,,,,,N,N
Ideas,MXN,,,,Keyword Ideas,,smartphone reviews,,30,0.02,,,,,N,N
Ideas,MXN,,,,Keyword Ideas,,smartfon,,90,0.15,7.42,,,,N,N
Ideas,MXN,,,,Keyword Ideas,,iphone tech,,10,0.14,33.68,,,,N,N
Ideas,MXN,,,,Keyword Ideas,,smartphone com tela grande e barato,,0,,,,,,N,N
Ideas,MXN,,,,Keyword Ideas,,o phone 5,,10,0.5,,,,,N,N
Ideas,MXN,,,,Keyword Ideas,,smartfones desbloqueados,,,,,,,,N,N
Ideas,MXN,,,,Keyword Ideas,,smartphone online,,10,0.64,3.27,,,,N,N
Ideas,MXN,,,,Keyword Ideas,,new iphone deals,,10,,,,,,N,N
Ideas,MXN,,,,Keyword Ideas,,smartphone accessories,,10,0.11,,,,,N,N
Ideas,MXN,,,,Keyword Ideas,,iphone information,,10,0.24,,,,,N,N
Ideas,MXN,,,,Keyword Ideas,,oferta celular smartphone,,10,,,,,,N,N
Ideas,MXN,,,,Keyword Ideas,,smartphone 3,,10,0.6,,,,,N,N
Ideas,MXN,,,,Keyword Ideas,,smartfone a venda,,,,,,,,N,N
Ideas,MXN,,,,Keyword Ideas,,apple 1 phone,,10,,,,,,N,N
Ideas,MXN,,,,Keyword Ideas,,smartphone shop,,10,0.57,,,,,N,N
Ideas,MXN,,,,Keyword Ideas,,iphone 4 gs,,10,0.14,,,,,N,N
Ideas,MXN,,,,Keyword Ideas,,iphone ______,,0,,,,,,N,N
Ideas,MXN,,,,Keyword Ideas,,smartphone 3s,,10,,,,,,N,N
Ideas,MXN,,,,Keyword Ideas,,cost of iphone,,10,0.17,,,,,N,N
Ideas,MXN,,,,Keyword Ideas,,smartphone sales,,10,0.21,,,,,N,N
Ideas,MXN,,,,Keyword Ideas,,buy i phone,,10,0.29,,,,,N,N
Ideas,MXN,,,,Keyword Ideas,,smarphone,,390,0.1,2.29,,,,N,N
Ideas,MXN,,,,Keyword Ideas,,celular smartphone bom e barato,,,,,,,,N,N
Ideas,MXN,,,,Keyword Ideas,,acer smartphone,,110,0.9,1.4,,,,N,N
Ideas,MXN,,,,Keyword Ideas,,como comprar um smartphone,,,,,,,,N,N
Ideas,MXN,,,,Keyword Ideas,,smart fone,,20,0.09,,,,,N,N
Ideas,MXN,,,,Keyword Ideas,,smartfhone,,30,0.18,19.79,,,,N,N
Ideas,MXN,,,,Keyword Ideas,,modelos de celulares smartphone,,10,1,4.44,,,,N,N
Ideas,MXN,,,,Keyword Ideas,,smartphone de 2 chips,,10,1,,,,,N,N
Ideas,MXN,,,,Keyword Ideas,,smartphone Ç celular,,,,,,,,N,N
Ideas,MXN,,,,Keyword Ideas,,compare smart phones,,10,0,,,,,N,N
Ideas,MXN,,,,Keyword Ideas,,smartphone htc,,210,0.99,1.17,,,,N,N
Ideas,MXN,,,,Keyword Ideas,,menor preáo de smartphone dual chip,,,,,,,,N,N
Ideas,MXN,,,,Keyword Ideas,,iphone precio,,1900,1,7.74,,,,N,N
Ideas,MXN,,,,Keyword Ideas,,todos smartphones samsung,,10,,,,,,N,N
Ideas,MXN,,,,Keyword Ideas,,iphone 16 gb,,30,0.41,52.3,,,,N,N
Ideas,MXN,,,,Keyword Ideas,,super promoá∆o de smartphone,,,,,,,,N,N
Ideas,MXN,,,,Keyword Ideas,,smartphone de 5,,10,0.54,,,,,N,N
Ideas,MXN,,,,Keyword Ideas,,ipod iphone,,30,0.17,29.75,,,,N,N
Ideas,MXN,,,,Keyword Ideas,,iphone 0,,50,0.11,,,,,N,N
Ideas,MXN,,,,Keyword Ideas,,comparar preáos smartphones,,,,,,,,N,N
Ideas,MXN,,,,Keyword Ideas,,smatphone,,40,0.12,0.13,,,,N,N
Ideas,MXN,,,,Keyword Ideas,,apple i phone5,,10,,,,,,N,N
Ideas,MXN,,,,Keyword Ideas,,oferta do dia smartphone,,,,,,,,N,N
Ideas,MXN,,,,Keyword Ideas,,latest smartphones,,10,0.43,115.9,,,,N,N
Ideas,MXN,,,,Keyword Ideas,,windows mobile smartphone,,10,0.07,,,,,N,N
Ideas,MXN,,,,Keyword Ideas,,os smartphone,,10,0,,,,,N,N
Ideas,MXN,,,,Keyword Ideas,,onde encontrar smartphone mais barato,,,,,,,,N,N
Ideas,MXN,,,,Keyword Ideas,,apple i phone,,10,0.32,9.52,,,,N,N
Ideas,MXN,,,,Keyword Ideas,,google smartphone,,170,0.18,14.17,,,,N,N
Ideas,MXN,,,,Keyword Ideas,,smartphone vergleich,,10,0.21,,,,,N,N
Ideas,MXN,,,,Keyword Ideas,,lojas de smartphones baratos,,,,,,,,N,N
Ideas,MXN,,,,Keyword Ideas,,smartphone features,,10,0,,,,,N,N
Ideas,MXN,,,,Keyword Ideas,,super ofertas de smartphones,,10,,,,,,N,N
Ideas,MXN,,,,Keyword Ideas,,ofertas em celulares,,10,,,,,,N,N
Ideas,MXN,,,,Keyword Ideas,,new smartphones,,50,0.54,4.41,,,,N,N
Ideas,MXN,,,,Keyword Ideas,,samsung smartphones preáos,,,,,,,,N,N
Ideas,MXN,,,,Keyword Ideas,,apple new cell phone,,10,,,,,,N,N
Ideas,MXN,,,,Keyword Ideas,,comprar celular smartphone samsung,,,,,,,,N,N
Ideas,MXN,,,,Keyword Ideas,,iphone 1 apple,,10,0.11,,,,,N,N
Ideas,MXN,,,,Keyword Ideas,,o que um smartphone,,,,,,,,N,N
Ideas,MXN,,,,Keyword Ideas,,_____ ____,,10,,,,,,N,N
Ideas,MXN,,,,Keyword Ideas,,comparar preáos de smartphones,,,,,,,,N,N
Ideas,MXN,,,,Keyword Ideas,,phone iphone,,20,0.06,37.86,,,,N,N
Ideas,MXN,,,,Keyword Ideas,,iphone uk,,10,0.29,,,,,N,N
Ideas,MXN,,,,Keyword Ideas,,telefone smartfone samsung,,,,,,,,N,N
Ideas,MXN,,,,Keyword Ideas,,smartphone samsung melhor preáo,,,,,,,,N,N
Ideas,MXN,,,,Keyword Ideas,,free iphone 4,,10,,,,,,N,N
Ideas,MXN,,,,Keyword Ideas,,celular smartifone,,10,,,,,,N,N
Ideas,MXN,,,,Keyword Ideas,,apple iphone 5gs,,10,,,,,,N,N
Ideas,MXN,,,,Keyword Ideas,,smartphone samsung oferta,,10,1,4.78,,,,N,N
Ideas,MXN,,,,Keyword Ideas,,smartphone ratings,,10,0,,,,,N,N
Ideas,MXN,,,,Keyword Ideas,,qual o melhor site para comprar smartphone,,,,,,,,N,N
Ideas,MXN,,,,Keyword Ideas,,smartphone comparison,,90,0.05,0.31,,,,N,N
Ideas,MXN,,,,Keyword Ideas,,modelos de telefone celular,,,,,,,,N,N
Ideas,MXN,,,,Keyword Ideas,,qual o valor do smartphone,,,,,,,,N,N
Ideas,MXN,,,,Keyword Ideas,,celulares e smartphones baratos,,0,,,,,,N,N
Ideas,MXN,,,,Keyword Ideas,,telemoveis smartphones baratos,,,,,,,,N,N
Ideas,MXN,,,,Keyword Ideas,,compare smartphones,,110,0.05,,,,,N,N
Ideas,MXN,,,,Keyword Ideas,,smartphone samsung comprar,,0,,,,,,N,N
Ideas,MXN,,,,Keyword Ideas,,which smartphone,,10,,,,,,N,N
Ideas,MXN,,,,Keyword Ideas,,aparelhos smartphone vivo,,,,,,,,N,N
Ideas,MXN,,,,Keyword Ideas,,3g smartphone,,10,,,,,,N,N
Ideas,MXN,,,,Keyword Ideas,,the best smartphone,,30,0.04,,,,,N,N
Ideas,MXN,,,,Keyword Ideas,,lanáamentos smartphones samsung,,,,,,,,N,N
Ideas,MXN,,,,Keyword Ideas,,free iphone,,40,0.26,22.69,,,,N,N
Ideas,MXN,,,,Keyword Ideas,,modelos de smartphone samsung,,30,1,3.44,,,,N,N
Ideas,MXN,,,,Keyword Ideas,,_____,,10,0,,,,,N,N
Ideas,MXN,,,,Keyword Ideas,,smart vivo promo,,10,,,,,,N,N
Ideas,MXN,,,,Keyword Ideas,,aparelhos smartphone samsung,,,,,,,,N,N
Ideas,MXN,,,,Keyword Ideas,,smartfone samsung preáo,,,,,,,,N,N
Ideas,MXN,,,,Keyword Ideas,,melhor loja para comprar smartphone,,,,,,,,N,N
Ideas,MXN,,,,Keyword Ideas,,smartfones mais baratos,,,,,,,,N,N
Ideas,MXN,,,,Keyword Ideas,,i phone i,,10,,,,,,N,N
Ideas,MXN,,,,Keyword Ideas,,promoá∆o extra celular smartphone,,,,,,,,N,N
Ideas,MXN,,,,Keyword Ideas,,celulares e smartphones samsung,,,,,,,,N,N
Ideas,MXN,,,,Keyword Ideas,,promoá∆o do extra smartphone,,,,,,,,N,N
Ideas,MXN,,,,Keyword Ideas,,new smart phones,,10,0.86,,,,,N,N
Ideas,MXN,,,,Keyword Ideas,,latest smart phones,,10,,,,,,N,N
Ideas,MXN,,,,Keyword Ideas,,iphone apps,,390,0.07,1.79,,,,N,N
Ideas,MXN,,,,Keyword Ideas,,iphone service,,10,0.13,35.25,,,,N,N
Ideas,MXN,,,,Keyword Ideas,,iphone touch,,140,0.46,27.56,,,,N,N
Ideas,MXN,,,,Keyword Ideas,,smarthphone,,260,0.04,5.06,,,,N,N
Ideas,MXN,,,,Keyword Ideas,,the best smart phone,,10,0,,,,,N,N
Ideas,MXN,,,,Keyword Ideas,,iphone 4 sim,,50,0.01,,,,,N,N
Ideas,MXN,,,,Keyword Ideas,,o que e celular smartphone,,,,,,,,N,N
Ideas,MXN,,,,Keyword Ideas,,i fone,,50,0.08,2.1,,,,N,N
Ideas,MXN,,,,Keyword Ideas,,celular smartphone barato e bom,,0,,,,,,N,N
Ideas,MXN,,,,Keyword Ideas,,smarthphones,,90,0.03,1.58,,,,N,N
Ideas,MXN,,,,Keyword Ideas,,menor preáo de smartphone samsung,,,,,,,,N,N
Ideas,MXN,,,,Keyword Ideas,,smarthfone,,10,0.14,,,,,N,N
Ideas,MXN,,,,Keyword Ideas,,promoá∆o tim smartphone,,,,,,,,N,N
Ideas,MXN,,,,Keyword Ideas,,smartphone promoá∆o extra,,,,,,,,N,N
Ideas,MXN,,,,Keyword Ideas,,melhor preáo de smartphone samsung,,,,,,,,N,N
Ideas,MXN,,,,Keyword Ideas,,melhores smartphones samsung,,,,,,,,N,N
Ideas,MXN,,,,Keyword Ideas,,comparar smartfones,,10,0.14,,,,,N,N
Ideas,MXN,,,,Keyword Ideas,,free smartphones,,10,0.29,,,,,N,N
Ideas,MXN,,,,Keyword Ideas,,best smart phone,,20,0.06,,,,,N,N
Ideas,MXN,,,,Keyword Ideas,,bestes smartphone,,10,0.18,,,,,N,N
Ideas,MXN,,,,Keyword Ideas,,preáo smartphone 5s,,,,,,,,N,N
Ideas,MXN,,,,Keyword Ideas,,smartphone vivo preáo,,0,,,,,,N,N
Ideas,MXN,,,,Keyword Ideas,,smart phone reviews,,10,,,,,,N,N
Ideas,MXN,,,,Keyword Ideas,,smartphone test,,10,0.11,1.1,,,,N,N
Ideas,MXN,,,,Keyword Ideas,,comprar smartphone desbloqueado,,10,,,,,,N,N
Ideas,MXN,,,,Keyword Ideas,,smartphone 4s preáo,,,,,,,,N,N
Ideas,MXN,,,,Keyword Ideas,,win iphone,,10,0.19,,,,,N,N
Ideas,MXN,,,,Keyword Ideas,,pda smartphone,,10,0.14,,,,,N,N
Ideas,MXN,,,,Keyword Ideas,,_____ 4,,10,,,,,,N,N
Ideas,MXN,,,,Keyword Ideas,,smartphone branco,,0,,,,,,N,N
Ideas,MXN,,,,Keyword Ideas,,smartphone qwerty,,10,0.24,,,,,N,N
Ideas,MXN,,,,Keyword Ideas,,www iphone,,70,0.21,13.17,,,,N,N
Ideas,MXN,,,,Keyword Ideas,,list of smartphones,,10,,,,,,N,N
Ideas,MXN,,,,Keyword Ideas,,melhores celulares smartphone,,0,,,,,,N,N
Ideas,MXN,,,,Keyword Ideas,,smartphone internet,,10,0,,,,,N,N
Ideas,MXN,,,,Keyword Ideas,,smartfone dual core,,0,,,,,,N,N
Ideas,MXN,,,,Keyword Ideas,,cheap iphone 3g,,0,,,,,,N,N
Ideas,MXN,,,,Keyword Ideas,,americanas smartphone,,10,,,,,,N,N
Ideas,MXN,,,,Keyword Ideas,,comparar preáos de celulares,,10,,,,,,N,N
Ideas,MXN,,,,Keyword Ideas,,comparar celulares smartphone,,10,,,,,,N,N
Ideas,MXN,,,,Keyword Ideas,,apple iphone unlock,,10,0.29,,,,,N,N
Ideas,MXN,,,,Keyword Ideas,,smartphone wifi,,10,0.19,,,,,N,N
Ideas,MXN,,,,Keyword Ideas,,new iphone from apple,,0,,,,,,N,N
Ideas,MXN,,,,Keyword Ideas,,best smartphone,,320,0.01,3.44,,,,N,N
Ideas,MXN,,,,Keyword Ideas,,iphone australia,,10,0.36,,,,,N,N
Ideas,MXN,,,,Keyword Ideas,,smartphone comparar preáos,,,,,,,,N,N
Ideas,MXN,,,,Keyword Ideas,,melhores smartphones da samsung,,,,,,,,N,N
Ideas,MXN,,,,Keyword Ideas,,celulares e seus preáos,,10,,,,,,N,N
Ideas,MXN,,,,Keyword Ideas,,windows smart phone,,10,0.86,,,,,N,N
Ideas,MXN,,,,Keyword Ideas,,celular smartphone promoá∆o extra,,,,,,,,N,N
Ideas,MXN,,,,Keyword Ideas,,appleiphone,,10,0.18,,,,,N,N
Ideas,MXN,,,,Keyword Ideas,,iphon3 5,,10,0.21,,,,,N,N
Ideas,MXN,,,,Keyword Ideas,,celulares smartphone samsung em promoá∆o,,,,,,,,N,N
Ideas,MXN,,,,Keyword Ideas,,modelos smartphone samsung,,10,0.94,3.25,,,,N,N
Ideas,MXN,,,,Keyword Ideas,,sites para comprar smartphones,,,,,,,,N,N
Ideas,MXN,,,,Keyword Ideas,,smartphone extra promoá∆o,,,,,,,,N,N
Ideas,MXN,,,,Keyword Ideas,,what is the best smartphone,,10,0.07,,,,,N,N
Ideas,MXN,,,,Keyword Ideas,,what is a smartphone,,30,0.03,,,,,N,N
Ideas,MXN,,,,Keyword Ideas,,samsung celular smartphone,,10,,,,,,N,N
Ideas,MXN,,,,Keyword Ideas,,smartphone google,,110,0.2,14.46,,,,N,N
Ideas,MXN,,,,Keyword Ideas,,celular smartphone lg,,10,1,,,,,N,N
Ideas,MXN,,,,Keyword Ideas,,at&t iphone,,390,0.19,3.8,,,,N,N
Ideas,MXN,,,,Keyword Ideas,,melhor lugar para comprar smartphone,,10,,,,,,N,N
Ideas,MXN,,,,Keyword Ideas,,iphone white,,10,0.05,,,,,N,N
Ideas,MXN,,,,Keyword Ideas,,site para comparar smartphones,,,,,,,,N,N
Ideas,MXN,,,,Keyword Ideas,,iphone new phone,,10,,,,,,N,N
Ideas,MXN,,,,Keyword Ideas,,iphone newest model,,10,,,,,,N,N
Ideas,MXN,,,,Keyword Ideas,,smartphone modelo 4s,,,,,,,,N,N
Ideas,MXN,,,,Keyword Ideas,,promoá∆o dia das m∆es smartphone,,,,,,,,N,N
Ideas,MXN,,,,Keyword Ideas,,ifone,,720,0.07,4.57,,,,N,N
Ideas,MXN,,,,Keyword Ideas,,att iphone,,110,0.14,4.69,,,,N,N
Ideas,MXN,,,,Keyword Ideas,,telemovel smartphone,,,,,,,,N,N
Ideas,MXN,,,,Keyword Ideas,,apple i phone 5,,10,0.71,,,,,N,N
Ideas,MXN,,,,Keyword Ideas,,fone para smartphone,,,,,,,,N,N
Ideas,MXN,,,,Keyword Ideas,,apple for iphone,,10,0.43,,,,,N,N
Ideas,MXN,,,,Keyword Ideas,,smartphone todos,,10,,,,,,N,N
Ideas,MXN,,,,Keyword Ideas,,iphone tmobile,,40,0.11,9.21,,,,N,N
Ideas,MXN,,,,Keyword Ideas,,telefone smartphone samsung,,0,,,,,,N,N
Ideas,MXN,,,,Keyword Ideas,,smartphone com dual core,,,,,,,,N,N
Ideas,MXN,,,,Keyword Ideas,,wifi smartphone,,10,0,,,,,N,N
Ideas,MXN,,,,Keyword Ideas,,site para comprar smartphone barato,,,,,,,,N,N
Ideas,MXN,,,,Keyword Ideas,,smartfone desbloqueado,,,,,,,,N,N
Ideas,MXN,,,,Keyword Ideas,,ip hone,,10,0.12,23.44,,,,N,N
Ideas,MXN,,,,Keyword Ideas,,smartphone barato com tela grande,,,,,,,,N,N
Ideas,MXN,,,,Keyword Ideas,,tmobile iphone,,10,0.09,23.42,,,,N,N
Ideas,MXN,,,,Keyword Ideas,,5s smartphone,,10,,,,,,N,N
Ideas,MXN,,,,Keyword Ideas,,iphone 4 for iphone 5,,0,,,,,,N,N
Ideas,MXN,,,,Keyword Ideas,,modelos de smartfone samsung,,10,,,,,,N,N
Ideas,MXN,,,,Keyword Ideas,,extra promoá∆o smartphone,,,,,,,,N,N
Ideas,MXN,,,,Keyword Ideas,,iphone ____,,10,,,,,,N,N
Ideas,MXN,,,,Keyword Ideas,,celular smartphone 3g,,10,,,,,,N,N
Ideas,MXN,,,,Keyword Ideas,,palm smartphone,,10,0.19,,,,,N,N
Ideas,MXN,,,,Keyword Ideas,,promoá∆o smartphone desbloqueado,,,,,,,,N,N
Ideas,MXN,,,,Keyword Ideas,,apple iphone apple iphone apple iphone,,0,,,,,,N,N
Ideas,MXN,,,,Keyword Ideas,,ebay iphone,,40,0.34,3,,,,N,N
Ideas,MXN,,,,Keyword Ideas,,compra facil celulares smartphone,,0,,,,,,N,N
Ideas,MXN,,,,Keyword Ideas,,sites de vendas de smartphones,,,,,,,,N,N
Ideas,MXN,,,,Keyword Ideas,,todos os smartphones,,,,,,,,N,N
Ideas,MXN,,,,Keyword Ideas,,new iphone contract,,10,,,,,,N,N
Ideas,MXN,,,,Keyword Ideas,,ip phone,,170,0.46,3.82,,,,N,N
Ideas,MXN,,,,Keyword Ideas,,gsm smartphone,,10,0.38,,,,,N,N
Ideas,MXN,,,,Keyword Ideas,,sites de smartphones baratos,,,,,,,,N,N
Ideas,MXN,,,,Keyword Ideas,,hiphone,,1600,0.59,1,,,,N,N
Ideas,MXN,,,,Keyword Ideas,,ponto frio smartphone,,10,,,,,,N,N
Ideas,MXN,,,,Keyword Ideas,,novos smartfones,,,,,,,,N,N
Ideas,MXN,,,,Keyword Ideas,,i fhone,,10,0.21,,,,,N,N
Ideas,MXN,,,,Keyword Ideas,,new iphone five,,10,,,,,,N,N
Ideas,MXN,,,,Keyword Ideas,,smartphone mais barato da samsung,,,,,,,,N,N
Ideas,MXN,,,,Keyword Ideas,,promoá∆o smartphone dia das m∆es,,,,,,,,N,N
Ideas,MXN,,,,Keyword Ideas,,top smart phones,,10,0,,,,,N,N
Ideas,MXN,,,,Keyword Ideas,,smartphone novidades,,,,,,,,N,N
Ideas,MXN,,,,Keyword Ideas,,quanto Ç um smartphone,,,,,,,,N,N
Ideas,MXN,,,,Keyword Ideas,,new apple cell phone,,10,,,,,,N,N
Ideas,MXN,,,,Keyword Ideas,,preáo smartphone samsung,,10,,,,,,N,N
Ideas,MXN,,,,Keyword Ideas,,onde comprar celular,,0,,,,,,N,N
Ideas,MXN,,,,Keyword Ideas,,smartphone br,,10,0.43,,,,,N,N
Ideas,MXN,,,,Keyword Ideas,,extra celulares smartphone,,,,,,,,N,N
Ideas,MXN,,,,Keyword Ideas,,i pohne,,10,0.13,,,,,N,N
Ideas,MXN,,,,Keyword Ideas,,celular smartphone 4,,10,1,,,,,N,N
Ideas,MXN,,,,Keyword Ideas,,smartfone 5 s,,,,,,,,N,N
Ideas,MXN,,,,Keyword Ideas,,celular smartphone carrefour,,,,,,,,N,N
Ideas,MXN,,,,Keyword Ideas,,smartph,,40,0.11,0.13,,,,N,N
Ideas,MXN,,,,Keyword Ideas,,todo smartphone,,30,0.09,,,,,N,N
Ideas,MXN,,,,Keyword Ideas,,smartphone forum,,10,,,,,,N,N
Ideas,MXN,,,,Keyword Ideas,,smartphone games,,10,0.11,,,,,N,N
Ideas,MXN,,,,Keyword Ideas,,iphone ebay,,40,0.29,4.12,,,,N,N
Ideas,MXN,,,,Keyword Ideas,,smartphones baratos originais,,,,,,,,N,N
Ideas,MXN,,,,Keyword Ideas,,iphone camera,,720,0.12,11.09,,,,N,N
Ideas,MXN,,,,Keyword Ideas,,iphone 4 ____,,0,,,,,,N,N
Ideas,MXN,,,,Keyword Ideas,,iphone 8 gb,,10,0.23,,,,,N,N
Ideas,MXN,,,,Keyword Ideas,,smartphone promoá∆o dia das m∆es,,,,,,,,N,N
Ideas,MXN,,,,Keyword Ideas,,about iphone 5,,10,,,,,,N,N
Ideas,MXN,,,,Keyword Ideas,,smartfones 2 chips,,,,,,,,N,N
Ideas,MXN,,,,Keyword Ideas,,on iphone 5,,10,,,,,,N,N
Ideas,MXN,,,,Keyword Ideas,,apple iphone information,,10,0.14,,,,,N,N
Ideas,MXN,,,,Keyword Ideas,,promoá∆o smartphone extra,,0,,,,,,N,N
Ideas,MXN,,,,Keyword Ideas,,top 5 smartphones,,20,0.03,,,,,N,N
Ideas,MXN,,,,Keyword Ideas,,sites de compras de smartphones,,0,,,,,,N,N
Ideas,MXN,,,,Keyword Ideas,,iphone 4s app store,,10,0.04,,,,,N,N
Ideas,MXN,,,,Keyword Ideas,,smartphone app,,30,0.18,17.19,,,,N,N
Ideas,MXN,,,,Keyword Ideas,,lanáamentos de aparelhos celulares,,,,,,,,N,N
Ideas,MXN,,,,Keyword Ideas,,iphone download,,10,0.11,,,,,N,N
Ideas,MXN,,,,Keyword Ideas,,i phone apple,,10,0.24,2.05,,,,N,N
Ideas,MXN,,,,Keyword Ideas,,sites confiaveis para comprar smartphones,,,,,,,,N,N
Ideas,MXN,,,,Keyword Ideas,,and iphone,,10,0.14,,,,,N,N
Ideas,MXN,,,,Keyword Ideas,,smartphone o que Ç,,0,,,,,,N,N
Ideas,MXN,,,,Keyword Ideas,,iphone website,,10,0.13,27.95,,,,N,N
Ideas,MXN,,,,Keyword Ideas,,samsung smartphone barato,,10,,,,,,N,N
Ideas,MXN,,,,Keyword Ideas,,top ten smartphones,,50,0.05,,,,,N,N
Ideas,MXN,,,,Keyword Ideas,,what is an iphone,,10,0.03,,,,,N,N
Ideas,MXN,,,,Keyword Ideas,,i phone five,,10,,,,,,N,N
Ideas,MXN,,,,Keyword Ideas,,esmarte fone,,10,,,,,,N,N
Ideas,MXN,,,,Keyword Ideas,,smartphone 2,,10,0,,,,,N,N
Ideas,MXN,,,,Keyword Ideas,,apple two new iphones,,,,,,,,N,N
Ideas,MXN,,,,Keyword Ideas,,recent iphone,,10,,,,,,N,N
Ideas,MXN,,,,Keyword Ideas,,i phon,,70,0.2,7.15,,,,N,N
Ideas,MXN,,,,Keyword Ideas,,smartphone news,,10,0.1,0.47,,,,N,N
Ideas,MXN,,,,Keyword Ideas,,iphone gratis,,260,0.15,11.25,,,,N,N
Ideas,MXN,,,,Keyword Ideas,,apple iphone 5 apple,,0,,,,,,N,N
Ideas,MXN,,,,Keyword Ideas,,i phone price,,10,0.26,6.81,,,,N,N
Ideas,MXN,,,,Keyword Ideas,,smartphone o que e,,,,,,,,N,N
Ideas,MXN,,,,Keyword Ideas,,smart samsung celular,,10,,,,,,N,N
Ideas,MXN,,,,Keyword Ideas,,iphone of apple,,0,,,,,,N,N
Ideas,MXN,,,,Keyword Ideas,,the apple iphone 5,,0,,,,,,N,N
Ideas,MXN,,,,Keyword Ideas,,iphones and plans,,10,,,,,,N,N
Ideas,MXN,,,,Keyword Ideas,,carrefour celulares smartphone,,,,,,,,N,N
Ideas,MXN,,,,Keyword Ideas,,white iphone,,10,0.23,,,,,N,N
Ideas,MXN,,,,Keyword Ideas,,new apple mobile phone,,,,,,,,N,N
Ideas,MXN,,,,Keyword Ideas,,qual melhor site para comprar smartphone,,,,,,,,N,N
Ideas,MXN,,,,Keyword Ideas,,compre um smartphone e ganhe outro,,,,,,,,N,N
Ideas,MXN,,,,Keyword Ideas,,iphone apple iphone,,10,0.14,,,,,N,N
Ideas,MXN,,,,Keyword Ideas,,melhores lojas de smartphones,,,,,,,,N,N
Ideas,MXN,,,,Keyword Ideas,,smartphone 2 chips preáo,,,,,,,,N,N
Ideas,MXN,,,,Keyword Ideas,,smartphones da samsung baratos,,,,,,,,N,N
Ideas,MXN,,,,Keyword Ideas,,iphone upgrade,,10,0.14,,,,,N,N
Ideas,MXN,,,,Keyword Ideas,,iphone apple 1,,10,0,,,,,N,N
Ideas,MXN,,,,Keyword Ideas,,smartphone americanas,,10,,,,,,N,N
Ideas,MXN,,,,Keyword Ideas,,smartphone barato samsung,,10,1,5.94,,,,N,N
Ideas,MXN,,,,Keyword Ideas,,iphone latest model,,10,,,,,,N,N
Ideas,MXN,,,,Keyword Ideas,,celular samsung razr,,0,,,,,,N,N
Ideas,MXN,,,,Keyword Ideas,,iphone 4 g,,50,0.13,6.69,,,,N,N
Ideas,MXN,,,,Keyword Ideas,,celular smartphone da samsung,,,,,,,,N,N
Ideas,MXN,,,,Keyword Ideas,,apple mobile iphone 5,,,,,,,,N,N
Ideas,MXN,,,,Keyword Ideas,,smart telefone,,0,,,,,,N,N
Ideas,MXN,,,,Keyword Ideas,,smartphone market,,10,0,,,,,N,N
Ideas,MXN,,,,Keyword Ideas,,apple mobile phone contracts,,,,,,,,N,N
Ideas,MXN,,,,Keyword Ideas,,melhor site para compra de smartphone,,,,,,,,N,N
Ideas,MXN,,,,Keyword Ideas,,iphonw 5,,20,0.14,,,,,N,N
Ideas,MXN,,,,Keyword Ideas,,the apple phone,,10,,,,,,N,N
Ideas,MXN,,,,Keyword Ideas,,tim smartphone promoá∆o,,,,,,,,N,N
Ideas,MXN,,,,Keyword Ideas,,top 10 smartphones,,90,0.05,,,,,N,N
Ideas,MXN,,,,Keyword Ideas,,ver celulares smartphone baratos,,0,,,,,,N,N
Ideas,MXN,,,,Keyword Ideas,,smartefone,,10,,,,,,N,N
Ideas,MXN,,,,Keyword Ideas,,celular smartfone com 2 chips,,,,,,,,N,N
Ideas,MXN,,,,Keyword Ideas,,smartphone ponto frio,,10,,,,,,N,N